Problem,Method,Benchmark,Instance,n,m,LB,UB,Gap,ActualTime,BKS,RPD
Tardinessflowshop,CPLEX_CP,Eva,1,50,10,440,2084,0.788867562,3600.42,1635,21.54510557
Tardinessflowshop,CPLEX_CP,Eva,2,50,10,428,2411,0.822480299,3600.483,1539,36.16756533
Tardinessflowshop,CPLEX_CP,Eva,3,50,10,439,3033,0.85525882,3600.651,2147,29.21200132
Tardinessflowshop,CPLEX_CP,Eva,4,50,10,502,2750,0.817454545,3600.508,2017,26.65454545
Tardinessflowshop,CPLEX_CP,Eva,5,50,10,341,3483,0.902095894,3600.457,2506,28.05053115
Tardinessflowshop,CPLEX_CP,Eva,6,50,30,642,23300,0.972446352,3600.232,17875,23.2832618
Tardinessflowshop,CPLEX_CP,Eva,7,50,30,641,24100,0.97340249,3600.258,18295,24.08713693
Tardinessflowshop,CPLEX_CP,Eva,8,50,30,553,23118,0.976079246,3600.187,17604,23.85154425
Tardinessflowshop,CPLEX_CP,Eva,9,50,30,702,24899,0.971806097,3600.282,17766,28.64773686
Tardinessflowshop,CPLEX_CP,Eva,10,50,30,637,23189,0.972530079,3600.214,17453,24.73586614
Tardinessflowshop,CPLEX_CP,Eva,11,50,50,797,43461,0.98166172,3600.347,32665,24.84066174
Tardinessflowshop,CPLEX_CP,Eva,12,50,50,800,41549,0.980745626,3600.288,34770,16.31567547
Tardinessflowshop,CPLEX_CP,Eva,13,50,50,882,44392,0.980131555,3600.36,34486,22.3148315
Tardinessflowshop,CPLEX_CP,Eva,14,50,50,1001,46100,0.978286334,3600.291,38157,17.22993492
Tardinessflowshop,CPLEX_CP,Eva,15,50,50,744,36696,0.979725311,3600.325,28851,21.37835186
Tardinessflowshop,CPLEX_CP,Eva,16,150,10,1007,15556,0.935266135,3600.169,10549,32.18693752
Tardinessflowshop,CPLEX_CP,Eva,17,150,10,1105,14868,0.925679311,3600.24,10401,30.04439064
Tardinessflowshop,CPLEX_CP,Eva,18,150,10,996,14813,0.932761763,3600.22,10050,32.15418889
Tardinessflowshop,CPLEX_CP,Eva,19,150,10,965,19118,0.949524009,3600.184,11291,40.94047495
Tardinessflowshop,CPLEX_CP,Eva,20,150,10,1024,18817,0.945581123,3600.267,10109,46.27730244
Tardinessflowshop,CPLEX_CP,Eva,21,150,30,1147,82540,0.986103707,3600.511,42832,48.1075842
Tardinessflowshop,CPLEX_CP,Eva,22,150,30,1267,85021,0.985097799,3600.428,42283,50.26758095
Tardinessflowshop,CPLEX_CP,Eva,23,150,30,1142,83102,0.986257852,3600.563,42785,48.51507786
Tardinessflowshop,CPLEX_CP,Eva,24,150,30,1476,86210,0.982879016,3600.57,44754,48.08722886
Tardinessflowshop,CPLEX_CP,Eva,25,150,30,1100,79124,0.986097771,3600.57,40617,48.66664982
Tardinessflowshop,CPLEX_CP,Eva,26,150,50,1369,160530,0.991471999,3600.724,97013,39.56705912
Tardinessflowshop,CPLEX_CP,Eva,27,150,50,1198,142120,0.991570504,3600.96,78971,44.43357726
Tardinessflowshop,CPLEX_CP,Eva,28,150,50,1492,175444,0.991495862,3600.879,105813,39.6884476
Tardinessflowshop,CPLEX_CP,Eva,29,150,50,1288,143800,0.991043115,3600.719,89558,37.72044506
Tardinessflowshop,CPLEX_CP,Eva,30,150,50,1434,151696,0.990546883,3600.985,87155,42.54627676
Tardinessflowshop,CPLEX_CP,Eva,31,250,10,1561,37610,0.958495081,3600.41,24446,35.00132943
Tardinessflowshop,CPLEX_CP,Eva,32,250,10,1459,36881,0.960440335,3600.314,24421,33.7843334
Tardinessflowshop,CPLEX_CP,Eva,33,250,10,1454,32888,0.955789346,3600.398,19327,41.2338847
Tardinessflowshop,CPLEX_CP,Eva,34,250,10,1542,26527,0.941870547,3600.28,20248,23.67022279
Tardinessflowshop,CPLEX_CP,Eva,35,250,10,1570,34366,0.954315312,3600.424,21958,36.10545306
Tardinessflowshop,CPLEX_CP,Eva,36,250,30,1705,155400,0.989028314,3600.934,74988,51.74517375
Tardinessflowshop,CPLEX_CP,Eva,37,250,30,1895,151140,0.987461956,3600.625,67167,55.55974593
Tardinessflowshop,CPLEX_CP,Eva,38,250,30,1809,190227,0.990490309,3601.06,74055,61.07019508
Tardinessflowshop,CPLEX_CP,Eva,39,250,30,1677,178605,0.990610565,3600.739,81432,54.40665155
Tardinessflowshop,CPLEX_CP,Eva,40,250,30,1627,156464,0.989601442,3600.745,75525,51.73011044
Tardinessflowshop,CPLEX_CP,Eva,41,250,50,2026,346339,0.99415024,3601.546,166015,52.06575061
Tardinessflowshop,CPLEX_CP,Eva,42,250,50,1992,336612,0.994082207,3601.176,169983,49.50180029
Tardinessflowshop,CPLEX_CP,Eva,43,250,50,1844,332916,0.994461065,3601.794,158627,52.35224501
Tardinessflowshop,CPLEX_CP,Eva,44,250,50,1911,284477,0.993282409,3600.804,131249,53.86305396
Tardinessflowshop,CPLEX_CP,Eva,45,250,50,2150,355657,0.99395485,3601.365,162008,54.44824648
Tardinessflowshop,CPLEX_CP,Eva,46,350,10,2116,79471,0.973373935,3600.532,44820,43.60206868
Tardinessflowshop,CPLEX_CP,Eva,47,350,10,1970,44259,0.955489279,3600.798,27368,38.16398925
Tardinessflowshop,CPLEX_CP,Eva,48,350,10,2000,86503,0.976879415,3600.578,44754,48.26306602
Tardinessflowshop,CPLEX_CP,Eva,49,350,10,2022,61700,0.967228525,3600.491,36430,40.95623987
Tardinessflowshop,CPLEX_CP,Eva,50,350,10,2055,78778,0.973914037,3600.534,50427,35.98847394
Tardinessflowshop,CPLEX_CP,Eva,51,350,30,2318,331535,0.99300828,3601.092,122496,63.05186481
Tardinessflowshop,CPLEX_CP,Eva,52,350,30,2262,347362,0.993488061,3601.117,132353,61.89767447
Tardinessflowshop,CPLEX_CP,Eva,53,350,30,2258,319191,0.992925866,3600.943,120304,62.30971425
Tardinessflowshop,CPLEX_CP,Eva,54,350,30,2165,263701,0.991789944,3601.222,92815,64.80293969
Tardinessflowshop,CPLEX_CP,Eva,55,350,30,2229,315718,0.992939902,3601.083,112596,64.33652817
Tardinessflowshop,CPLEX_CP,Eva,56,350,50,2278,546322,0.995830298,3601.671,233031,57.3454849
Tardinessflowshop,CPLEX_CP,Eva,57,350,50,2361,542997,0.99565191,3601.751,235160,56.69221009
Tardinessflowshop,CPLEX_CP,Eva,58,350,50,2444,499201,0.995104176,3601.542,191200,61.69879467
Tardinessflowshop,CPLEX_CP,Eva,59,350,50,2488,580978,0.995717566,3601.417,260345,55.18849251
Tardinessflowshop,CPLEX_CP,Eva,60,350,50,2198,526186,0.99582277,3601.69,206138,60.82411923
Tardinessflowshop,CPLEX_CP,Eva,61,50,10,0,0,0,8.587,0,0
Tardinessflowshop,CPLEX_CP,Eva,62,50,10,0,0,0,11.778,0,0
Tardinessflowshop,CPLEX_CP,Eva,63,50,10,0,0,0,97.362,0,0
Tardinessflowshop,CPLEX_CP,Eva,64,50,10,0,0,0,11.105,0,0
Tardinessflowshop,CPLEX_CP,Eva,65,50,10,0,0,0,11.51,0,0
Tardinessflowshop,CPLEX_CP,Eva,66,50,30,87,16491,0.994724395,3600.202,11523,30.12552301
Tardinessflowshop,CPLEX_CP,Eva,67,50,30,4,14909,0.999731706,3600.214,10161,31.84653565
Tardinessflowshop,CPLEX_CP,Eva,68,50,30,159,20806,0.992357974,3600.244,15344,26.25204268
Tardinessflowshop,CPLEX_CP,Eva,69,50,30,96,23885,0.995980741,3600.231,18453,22.74230689
Tardinessflowshop,CPLEX_CP,Eva,70,50,30,215,25997,0.991729815,3600.232,21060,18.99065277
Tardinessflowshop,CPLEX_CP,Eva,71,50,50,1270,47276,0.973136475,3600.388,36635,22.50824943
Tardinessflowshop,CPLEX_CP,Eva,72,50,50,447,33962,0.986838231,3600.314,27394,19.33926153
Tardinessflowshop,CPLEX_CP,Eva,73,50,50,1416,38596,0.96331226,3600.301,32990,14.52482122
Tardinessflowshop,CPLEX_CP,Eva,74,50,50,782,48030,0.983718509,3600.395,40220,16.26067041
Tardinessflowshop,CPLEX_CP,Eva,75,50,50,937,48404,0.980642096,3600.301,41060,15.17229981
Tardinessflowshop,CPLEX_CP,Eva,76,150,10,0,0,0,9.374,0,0
Tardinessflowshop,CPLEX_CP,Eva,77,150,10,0,0,0,25.496,0,0
Tardinessflowshop,CPLEX_CP,Eva,78,150,10,0,0,0,102.459,0,0
Tardinessflowshop,CPLEX_CP,Eva,79,150,10,0,0,0,6.861,0,0
Tardinessflowshop,CPLEX_CP,Eva,80,150,10,0,0,0,71.493,0,0
Tardinessflowshop,CPLEX_CP,Eva,81,150,30,0,9162,1,3600.577,0,1
Tardinessflowshop,CPLEX_CP,Eva,82,150,30,0,6676,1,3600.429,0,1
Tardinessflowshop,CPLEX_CP,Eva,83,150,30,0,16589,1,3600.467,1197,92.78437519
Tardinessflowshop,CPLEX_CP,Eva,84,150,30,0,18071,1,3600.515,0,1
Tardinessflowshop,CPLEX_CP,Eva,85,150,30,0,22892,1,3600.535,2600,88.64232046
Tardinessflowshop,CPLEX_CP,Eva,86,150,50,0,113170,1,3600.588,53110,53.07060175
Tardinessflowshop,CPLEX_CP,Eva,87,150,50,0,87762,1,3600.664,31507,64.09949637
Tardinessflowshop,CPLEX_CP,Eva,88,150,50,0,115995,1,3600.924,38221,67.04944179
Tardinessflowshop,CPLEX_CP,Eva,89,150,50,0,125787,1,3600.782,70035,44.32254526
Tardinessflowshop,CPLEX_CP,Eva,90,150,50,0,100065,1,3600.689,37724,62.30050467
Tardinessflowshop,CPLEX_CP,Eva,91,250,10,0,0,0,24.26,0,0
Tardinessflowshop,CPLEX_CP,Eva,92,250,10,0,0,0,61.081,0,0
Tardinessflowshop,CPLEX_CP,Eva,93,250,10,0,0,0,63.268,0,0
Tardinessflowshop,CPLEX_CP,Eva,94,250,10,0,0,0,18.581,0,0
Tardinessflowshop,CPLEX_CP,Eva,95,250,10,0,0,0,39.773,0,0
Tardinessflowshop,CPLEX_CP,Eva,96,250,30,0,44652,1,3600.752,0,1
Tardinessflowshop,CPLEX_CP,Eva,97,250,30,0,37992,1,3600.883,0,1
Tardinessflowshop,CPLEX_CP,Eva,98,250,30,0,36153,1,3600.811,0,1
Tardinessflowshop,CPLEX_CP,Eva,99,250,30,0,27689,1,3600.901,0,1
Tardinessflowshop,CPLEX_CP,Eva,100,250,30,0,34143,1,3600.834,0,1
Tardinessflowshop,CPLEX_CP,Eva,101,250,50,0,177095,1,3601.047,23129,86.93977809
Tardinessflowshop,CPLEX_CP,Eva,102,250,50,0,183698,1,3601.389,26073,85.80659561
Tardinessflowshop,CPLEX_CP,Eva,103,250,50,0,165063,1,3601.357,24290,85.28440656
Tardinessflowshop,CPLEX_CP,Eva,104,250,50,0,143500,1,3601.532,9523,93.36376307
Tardinessflowshop,CPLEX_CP,Eva,105,250,50,0,209861,1,3601.618,52258,75.09875584
Tardinessflowshop,CPLEX_CP,Eva,106,350,10,0,0,0,6.421,0,0
Tardinessflowshop,CPLEX_CP,Eva,107,350,10,0,0,0,17.702,0,0
Tardinessflowshop,CPLEX_CP,Eva,108,350,10,0,0,0,2.764,0,0
Tardinessflowshop,CPLEX_CP,Eva,109,350,10,0,0,0,6.548,0,0
Tardinessflowshop,CPLEX_CP,Eva,110,350,10,0,0,0,63.008,0,0
Tardinessflowshop,CPLEX_CP,Eva,111,350,30,0,50265,1,3601.05,0,1
Tardinessflowshop,CPLEX_CP,Eva,112,350,30,0,25351,1,3601.202,0,1
Tardinessflowshop,CPLEX_CP,Eva,113,350,30,0,57976,1,3600.908,0,1
Tardinessflowshop,CPLEX_CP,Eva,114,350,30,0,38962,1,3601.141,0,1
Tardinessflowshop,CPLEX_CP,Eva,115,350,30,0,85800,1,3601.399,0,1
Tardinessflowshop,CPLEX_CP,Eva,116,350,50,0,175712,1,3601.218,10670,93.92756329
Tardinessflowshop,CPLEX_CP,Eva,117,350,50,0,181515,1,3601.332,9410,94.81585544
Tardinessflowshop,CPLEX_CP,Eva,118,350,50,0,208068,1,3601.721,9055,95.64805737
Tardinessflowshop,CPLEX_CP,Eva,119,350,50,0,110221,1,3601.656,0,1
Tardinessflowshop,CPLEX_CP,Eva,120,350,50,0,225400,1,3601.95,15374,93.17923691
Tardinessflowshop,CPLEX_CP,Eva,121,50,10,0,0,0,8.45,0,0
Tardinessflowshop,CPLEX_CP,Eva,122,50,10,0,0,0,0.571,0,0
Tardinessflowshop,CPLEX_CP,Eva,123,50,10,0,0,0,0.489,0,0
Tardinessflowshop,CPLEX_CP,Eva,124,50,10,0,0,0,0.589,0,0
Tardinessflowshop,CPLEX_CP,Eva,125,50,10,0,0,0,9.528,0,0
Tardinessflowshop,CPLEX_CP,Eva,126,50,30,1168,12924,0.909625503,3600.25,9849,23.79294336
Tardinessflowshop,CPLEX_CP,Eva,127,50,30,1474,17187,0.914237505,3600.27,15344,10.72322104
Tardinessflowshop,CPLEX_CP,Eva,128,50,30,892,21329,0.958179005,3600.249,18746,12.1102724
Tardinessflowshop,CPLEX_CP,Eva,129,50,30,1510,15183,0.900546664,3600.216,11723,22.7886452
Tardinessflowshop,CPLEX_CP,Eva,130,50,30,1058,17637,0.940012474,3600.308,13724,22.18631286
Tardinessflowshop,CPLEX_CP,Eva,131,50,50,7097,33438,0.787756445,3600.322,28101,15.96088283
Tardinessflowshop,CPLEX_CP,Eva,132,50,50,5953,42197,0.85892362,3600.286,34187,18.98239211
Tardinessflowshop,CPLEX_CP,Eva,133,50,50,7843,47019,0.833195091,3600.255,39986,14.95778302
Tardinessflowshop,CPLEX_CP,Eva,134,50,50,5481,39734,0.862057684,3600.408,36105,9.13323602
Tardinessflowshop,CPLEX_CP,Eva,135,50,50,8214,43399,0.810732966,3600.346,38415,11.48413558
Tardinessflowshop,CPLEX_CP,Eva,136,150,10,0,0,0,0.873,0,0
Tardinessflowshop,CPLEX_CP,Eva,137,150,10,0,0,0,1.219,0,0
Tardinessflowshop,CPLEX_CP,Eva,138,150,10,0,0,0,1.088,0,0
Tardinessflowshop,CPLEX_CP,Eva,139,150,10,0,0,0,1.101,0,0
Tardinessflowshop,CPLEX_CP,Eva,140,150,10,0,0,0,1.262,0,0
Tardinessflowshop,CPLEX_CP,Eva,141,150,30,0,0,0,547.857,0,0
Tardinessflowshop,CPLEX_CP,Eva,142,150,30,0,5,1,3600.618,0,1
Tardinessflowshop,CPLEX_CP,Eva,143,150,30,0,211,1,3600.457,0,1
Tardinessflowshop,CPLEX_CP,Eva,144,150,30,0,0,0,5.328,0,0
Tardinessflowshop,CPLEX_CP,Eva,145,150,30,0,1150,1,3600.541,0,1
Tardinessflowshop,CPLEX_CP,Eva,146,150,50,0,17850,1,3600.778,0,1
Tardinessflowshop,CPLEX_CP,Eva,147,150,50,0,54971,1,3600.717,22665,58.7691692
Tardinessflowshop,CPLEX_CP,Eva,148,150,50,0,64172,1,3600.705,21598,66.34357664
Tardinessflowshop,CPLEX_CP,Eva,149,150,50,0,88795,1,3600.882,26890,69.71676333
Tardinessflowshop,CPLEX_CP,Eva,150,150,50,0,61331,1,3600.651,20705,66.2405635
Tardinessflowshop,CPLEX_CP,Eva,151,250,10,0,0,0,1.642,0,0
Tardinessflowshop,CPLEX_CP,Eva,152,250,10,0,0,0,3.79,0,0
Tardinessflowshop,CPLEX_CP,Eva,153,250,10,0,0,0,2.561,0,0
Tardinessflowshop,CPLEX_CP,Eva,154,250,10,0,0,0,1.695,0,0
Tardinessflowshop,CPLEX_CP,Eva,155,250,10,0,0,0,3.216,0,0
Tardinessflowshop,CPLEX_CP,Eva,156,250,30,0,0,0,30.999,0,0
Tardinessflowshop,CPLEX_CP,Eva,157,250,30,0,0,0,380.775,0,0
Tardinessflowshop,CPLEX_CP,Eva,158,250,30,0,0,0,14.661,0,0
Tardinessflowshop,CPLEX_CP,Eva,159,250,30,0,0,0,9.387,0,0
Tardinessflowshop,CPLEX_CP,Eva,160,250,30,0,0,0,12.302,0,0
Tardinessflowshop,CPLEX_CP,Eva,161,250,50,0,37410,1,3601.497,0,1
Tardinessflowshop,CPLEX_CP,Eva,162,250,50,0,0,0,1434.444,0,0
Tardinessflowshop,CPLEX_CP,Eva,163,250,50,0,50312,1,3601.328,0,1
Tardinessflowshop,CPLEX_CP,Eva,164,250,50,0,7633,1,3600.974,0,1
Tardinessflowshop,CPLEX_CP,Eva,165,250,50,0,27382,1,3600.99,0,1
Tardinessflowshop,CPLEX_CP,Eva,166,350,10,0,0,0,6.935,0,0
Tardinessflowshop,CPLEX_CP,Eva,167,350,10,0,0,0,6.848,0,0
Tardinessflowshop,CPLEX_CP,Eva,168,350,10,0,0,0,6.36,0,0
Tardinessflowshop,CPLEX_CP,Eva,169,350,10,0,0,0,6.954,0,0
Tardinessflowshop,CPLEX_CP,Eva,170,350,10,0,0,0,5.819,0,0
Tardinessflowshop,CPLEX_CP,Eva,171,350,30,0,0,0,29.431,0,0
Tardinessflowshop,CPLEX_CP,Eva,172,350,30,0,0,0,28.251,0,0
Tardinessflowshop,CPLEX_CP,Eva,173,350,30,0,0,0,14.034,0,0
Tardinessflowshop,CPLEX_CP,Eva,174,350,30,0,0,0,29.01,0,0
Tardinessflowshop,CPLEX_CP,Eva,175,350,30,0,0,0,23.073,0,0
Tardinessflowshop,CPLEX_CP,Eva,176,350,50,0,72318,1,3601.582,0,1
Tardinessflowshop,CPLEX_CP,Eva,177,350,50,0,0,0,757.208,0,0
Tardinessflowshop,CPLEX_CP,Eva,178,350,50,0,8581,1,3601.649,0,1
Tardinessflowshop,CPLEX_CP,Eva,179,350,50,0,0,0,2423.704,0,0
Tardinessflowshop,CPLEX_CP,Eva,180,350,50,0,0,0,73.636,0,0
Tardinessflowshop,CPLEX_CP,Eva,181,50,10,1033,14397,0.928248941,3600.119,11205,22.17128568
Tardinessflowshop,CPLEX_CP,Eva,182,50,10,1024,14142,0.927591571,3600.109,11066,21.75081318
Tardinessflowshop,CPLEX_CP,Eva,183,50,10,1096,14535,0.924595803,3600.118,12065,16.99346405
Tardinessflowshop,CPLEX_CP,Eva,184,50,10,1136,14897,0.923743036,3600.144,12078,18.92327314
Tardinessflowshop,CPLEX_CP,Eva,185,50,10,1185,16837,0.929619291,3600.127,14884,11.59945358
Tardinessflowshop,CPLEX_CP,Eva,186,50,30,4332,56448,0.923256803,3600.258,47354,16.11040249
Tardinessflowshop,CPLEX_CP,Eva,187,50,30,4078,50647,0.919481904,3600.198,42903,15.29014552
Tardinessflowshop,CPLEX_CP,Eva,188,50,30,3854,51196,0.924720681,3600.247,44761,12.56934135
Tardinessflowshop,CPLEX_CP,Eva,189,50,30,1384,47539,0.970887061,3600.273,42447,10.71120554
Tardinessflowshop,CPLEX_CP,Eva,190,50,30,1727,51067,0.966181683,3600.313,41696,18.35040241
Tardinessflowshop,CPLEX_CP,Eva,191,50,50,25628,88106,0.709123102,3600.318,75127,14.73111933
Tardinessflowshop,CPLEX_CP,Eva,192,50,50,20472,82002,0.750347552,3600.359,73045,10.92290432
Tardinessflowshop,CPLEX_CP,Eva,193,50,50,23712,85592,0.722964763,3600.354,74284,13.21151509
Tardinessflowshop,CPLEX_CP,Eva,194,50,50,18478,77624,0.761955065,3600.319,67001,13.68520045
Tardinessflowshop,CPLEX_CP,Eva,195,50,50,28241,90544,0.688096395,3600.393,78239,13.59007775
Tardinessflowshop,CPLEX_CP,Eva,196,150,10,2619,80753,0.967567768,3600.291,70165,13.11158719
Tardinessflowshop,CPLEX_CP,Eva,197,150,10,2669,82732,0.967739206,3600.274,64473,22.07005754
Tardinessflowshop,CPLEX_CP,Eva,198,150,10,2840,79805,0.964413257,3600.332,64174,19.58649207
Tardinessflowshop,CPLEX_CP,Eva,199,150,10,2716,91174,0.970210806,3600.188,79074,13.27132735
Tardinessflowshop,CPLEX_CP,Eva,200,150,10,2495,91400,0.972702407,3600.255,72329,20.8654267
Tardinessflowshop,CPLEX_CP,Eva,201,150,30,3220,198793,0.983802247,3600.487,149272,24.9108369
Tardinessflowshop,CPLEX_CP,Eva,202,150,30,2922,221934,0.986833924,3600.497,159729,28.0286031
Tardinessflowshop,CPLEX_CP,Eva,203,150,30,3090,230669,0.986604182,3600.615,167723,27.28845228
Tardinessflowshop,CPLEX_CP,Eva,204,150,30,3113,231145,0.986532263,3600.496,171146,25.95729953
Tardinessflowshop,CPLEX_CP,Eva,205,150,30,3090,230427,0.986590113,3600.637,166397,27.78754226
Tardinessflowshop,CPLEX_CP,Eva,206,150,50,3268,359208,0.990902207,3600.625,272972,24.00726042
Tardinessflowshop,CPLEX_CP,Eva,207,150,50,3426,339647,0.989913057,3600.863,264953,21.99165604
Tardinessflowshop,CPLEX_CP,Eva,208,150,50,3279,372661,0.991201118,3600.899,271804,27.06400723
Tardinessflowshop,CPLEX_CP,Eva,209,150,50,3466,396975,0.991268972,3601.07,294615,25.78499906
Tardinessflowshop,CPLEX_CP,Eva,210,150,50,3385,370131,0.990854589,3600.947,280726,24.15496135
Tardinessflowshop,CPLEX_CP,Eva,211,250,10,4334,197193,0.978021532,3600.392,167837,14.88693818
Tardinessflowshop,CPLEX_CP,Eva,212,250,10,4198,216880,0.980643674,3600.361,176923,18.42355219
Tardinessflowshop,CPLEX_CP,Eva,213,250,10,4296,214495,0.979971561,3600.353,169847,20.81540362
Tardinessflowshop,CPLEX_CP,Eva,214,250,10,4208,202169,0.979185731,3600.27,173291,14.28408905
Tardinessflowshop,CPLEX_CP,Eva,215,250,10,4014,234221,0.982862339,3600.345,193304,17.46939856
Tardinessflowshop,CPLEX_CP,Eva,216,250,30,4666,474600,0.990168563,3600.898,305479,35.63442899
Tardinessflowshop,CPLEX_CP,Eva,217,250,30,4578,544042,0.991585208,3600.915,369768,32.03318861
Tardinessflowshop,CPLEX_CP,Eva,218,250,30,4457,491827,0.99093787,3600.659,337715,31.33459529
Tardinessflowshop,CPLEX_CP,Eva,219,250,30,4641,475376,0.990237202,3600.759,317791,33.14954899
Tardinessflowshop,CPLEX_CP,Eva,220,250,30,4500,481161,0.990647621,3600.623,323657,32.73415759
Tardinessflowshop,CPLEX_CP,Eva,221,250,50,4951,789060,0.993725445,3600.892,541738,31.34387753
Tardinessflowshop,CPLEX_CP,Eva,222,250,50,5159,737261,0.993002478,3601.276,499086,32.30538439
Tardinessflowshop,CPLEX_CP,Eva,223,250,50,4999,785704,0.993637553,3601.271,529725,32.57957195
Tardinessflowshop,CPLEX_CP,Eva,224,250,50,5005,784058,0.993616544,3601.04,540981,31.00242584
Tardinessflowshop,CPLEX_CP,Eva,225,250,50,4955,782111,0.993664582,3601.205,546185,30.16528344
Tardinessflowshop,CPLEX_CP,Eva,226,350,10,5637,396931,0.985798539,3600.396,336781,15.15376728
Tardinessflowshop,CPLEX_CP,Eva,227,350,10,5683,447698,0.987306175,3600.471,336045,24.93935644
Tardinessflowshop,CPLEX_CP,Eva,228,350,10,5722,422537,0.986457991,3600.424,324445,23.21500839
Tardinessflowshop,CPLEX_CP,Eva,229,350,10,5642,485908,0.988388748,3600.564,366839,24.50443294
Tardinessflowshop,CPLEX_CP,Eva,230,350,10,5825,388915,0.985022434,3600.404,332877,14.40880398
Tardinessflowshop,CPLEX_CP,Eva,231,350,30,6210,943939,0.993421185,3600.926,563333,40.32103769
Tardinessflowshop,CPLEX_CP,Eva,232,350,30,6011,861842,0.993025404,3600.914,559213,35.11420887
Tardinessflowshop,CPLEX_CP,Eva,233,350,30,6275,945158,0.993360898,3601.298,605990,35.88479387
Tardinessflowshop,CPLEX_CP,Eva,234,350,30,6048,998047,0.993940165,3601.078,616613,38.21803983
Tardinessflowshop,CPLEX_CP,Eva,235,350,30,6060,977559,0.993800886,3600.987,591743,39.46728535
Tardinessflowshop,CPLEX_CP,Eva,236,350,50,6642,1332650,0.995015946,3601.681,853777,35.93389112
Tardinessflowshop,CPLEX_CP,Eva,237,350,50,6575,1264910,0.994802002,3601.997,795709,37.09362721
Tardinessflowshop,CPLEX_CP,Eva,238,350,50,6619,1359940,0.995132874,3601.753,866200,36.3060135
Tardinessflowshop,CPLEX_CP,Eva,239,350,50,6470,1350740,0.995210033,3601.467,884137,34.54424982
Tardinessflowshop,CPLEX_CP,Eva,240,350,50,6517,1347690,0.995164318,3601.486,878294,34.82967151
Tardinessflowshop,CPLEX_CP,Eva,241,50,10,444,15064,0.970525757,3600.13,11205,25.61736591
Tardinessflowshop,CPLEX_CP,Eva,242,50,10,450,8564,0.947454461,3600.685,11066,-29.21531994
Tardinessflowshop,CPLEX_CP,Eva,243,50,10,662,10825,0.938845266,3600.159,12065,-11.45496536
Tardinessflowshop,CPLEX_CP,Eva,244,50,10,775,14474,0.946455714,3600.147,12078,16.55382064
Tardinessflowshop,CPLEX_CP,Eva,245,50,10,424,13622,0.96887388,3600.19,14884,-9.264425195
Tardinessflowshop,CPLEX_CP,Eva,246,50,30,4042,49551,0.918427479,3600.247,47354,4.433815665
Tardinessflowshop,CPLEX_CP,Eva,247,50,30,4624,48244,0.904153884,3600.181,42903,11.07080673
Tardinessflowshop,CPLEX_CP,Eva,248,50,30,1878,46964,0.960011924,3600.225,44761,4.690827016
Tardinessflowshop,CPLEX_CP,Eva,249,50,30,5540,50101,0.889423365,3600.221,42447,15.27714018
Tardinessflowshop,CPLEX_CP,Eva,250,50,30,1967,48003,0.959023394,3600.226,41696,13.13876216
Tardinessflowshop,CPLEX_CP,Eva,251,50,50,25932,83315,0.688747524,3600.368,75127,9.827762108
Tardinessflowshop,CPLEX_CP,Eva,252,50,50,23977,85105,0.718265672,3600.411,73045,14.17073027
Tardinessflowshop,CPLEX_CP,Eva,253,50,50,32612,88915,0.633222741,3600.356,74284,16.45504133
Tardinessflowshop,CPLEX_CP,Eva,254,50,50,37594,92117,0.591888576,3600.34,67001,27.26532562
Tardinessflowshop,CPLEX_CP,Eva,255,50,50,16700,77155,0.783552589,3600.385,78239,-1.404964033
Tardinessflowshop,CPLEX_CP,Eva,256,150,10,947,19825,0.95223203,3600.277,13575,31.5258512
Tardinessflowshop,CPLEX_CP,Eva,257,150,10,1008,26738,0.962300845,3600.242,21137,20.94771486
Tardinessflowshop,CPLEX_CP,Eva,258,150,10,983,42588,0.976918381,3600.219,27165,36.2144266
Tardinessflowshop,CPLEX_CP,Eva,259,150,10,1162,43675,0.97339439,3600.289,28791,34.07899256
Tardinessflowshop,CPLEX_CP,Eva,260,150,10,1088,33200,0.967228916,3600.245,23162,30.23493976
Tardinessflowshop,CPLEX_CP,Eva,261,150,30,1637,217568,0.992475916,3600.586,155908,28.34056479
Tardinessflowshop,CPLEX_CP,Eva,262,150,30,1523,210120,0.992751761,3600.511,139246,33.73024938
Tardinessflowshop,CPLEX_CP,Eva,263,150,30,1374,224937,0.993891623,3600.506,155035,31.07625691
Tardinessflowshop,CPLEX_CP,Eva,264,150,30,1547,174523,0.991135839,3600.44,122504,29.80638655
Tardinessflowshop,CPLEX_CP,Eva,265,150,30,1441,137449,0.989516111,3600.489,83922,38.94317165
Tardinessflowshop,CPLEX_CP,Eva,266,150,50,1594,364261,0.995624017,3600.878,273785,24.83823412
Tardinessflowshop,CPLEX_CP,Eva,267,150,50,1304,314084,0.995848244,3600.862,233933,25.51896945
Tardinessflowshop,CPLEX_CP,Eva,268,150,50,1546,312883,0.995058856,3600.869,229903,26.52109575
Tardinessflowshop,CPLEX_CP,Eva,269,150,50,1554,360422,0.995688388,3601.038,266155,26.15461875
Tardinessflowshop,CPLEX_CP,Eva,270,150,50,1901,341702,0.994436673,3600.713,253090,25.93253771
Tardinessflowshop,CPLEX_CP,Eva,271,250,10,1690,112287,0.984949282,3600.362,81686,27.25248693
Tardinessflowshop,CPLEX_CP,Eva,272,250,10,1728,88733,0.980525847,3600.362,51617,41.82885736
Tardinessflowshop,CPLEX_CP,Eva,273,250,10,1581,81404,0.98057835,3600.417,51831,36.32868164
Tardinessflowshop,CPLEX_CP,Eva,274,250,10,1759,88346,0.980089648,3600.29,62502,29.2531637
Tardinessflowshop,CPLEX_CP,Eva,275,250,10,1509,62778,0.975962917,3600.262,42373,32.50342477
Tardinessflowshop,CPLEX_CP,Eva,276,250,30,2076,401614,0.994830857,3601.029,221269,44.90505809
Tardinessflowshop,CPLEX_CP,Eva,277,250,30,1906,401754,0.995255803,3601.085,197933,50.73278673
Tardinessflowshop,CPLEX_CP,Eva,278,250,30,1729,477191,0.996376713,3600.769,251129,47.37348357
Tardinessflowshop,CPLEX_CP,Eva,279,250,30,1741,366990,0.995256002,3600.885,184637,49.68881986
Tardinessflowshop,CPLEX_CP,Eva,280,250,30,1747,413694,0.995777072,3600.844,192299,53.51660889
Tardinessflowshop,CPLEX_CP,Eva,281,250,50,2109,755212,0.997207407,3601.436,462389,38.77361589
Tardinessflowshop,CPLEX_CP,Eva,282,250,50,1879,689334,0.997274181,3601.275,432914,37.19822321
Tardinessflowshop,CPLEX_CP,Eva,283,250,50,2099,703871,0.997017919,3601.222,455156,35.33531002
Tardinessflowshop,CPLEX_CP,Eva,284,250,50,2135,610689,0.996503949,3601.246,361164,40.85958647
Tardinessflowshop,CPLEX_CP,Eva,285,250,50,2230,673143,0.996687182,3601.692,421753,37.34570515
Tardinessflowshop,CPLEX_CP,Eva,286,350,10,2127,139649,0.984768956,3600.461,66779,52.18082478
Tardinessflowshop,CPLEX_CP,Eva,287,350,10,2036,205013,0.990068922,3600.422,126005,38.53804393
Tardinessflowshop,CPLEX_CP,Eva,288,350,10,2140,174939,0.987767165,3600.39,110698,36.72194308
Tardinessflowshop,CPLEX_CP,Eva,289,350,10,2048,153394,0.986648761,3600.493,87673,42.84457019
Tardinessflowshop,CPLEX_CP,Eva,290,350,10,2303,100210,0.977018262,3600.375,72696,27.45634168
Tardinessflowshop,CPLEX_CP,Eva,291,350,30,2517,579193,0.995654298,3601.002,246206,57.49154427
Tardinessflowshop,CPLEX_CP,Eva,292,350,30,2302,588236,0.996086605,3601.072,270295,54.04990514
Tardinessflowshop,CPLEX_CP,Eva,293,350,30,2499,609110,0.995897293,3601.039,285479,53.13178244
Tardinessflowshop,CPLEX_CP,Eva,294,350,30,2451,743364,0.996702827,3600.983,384134,48.32491216
Tardinessflowshop,CPLEX_CP,Eva,295,350,30,2449,596225,0.99589249,3601.227,318038,46.65805694
Tardinessflowshop,CPLEX_CP,Eva,296,350,50,2607,1057930,0.997535754,3601.888,595974,43.66602705
Tardinessflowshop,CPLEX_CP,Eva,297,350,50,2548,1016040,0.997492225,3601.324,576541,43.2560726
Tardinessflowshop,CPLEX_CP,Eva,298,350,50,2542,988078,0.997427329,3601.769,613491,37.91067102
Tardinessflowshop,CPLEX_CP,Eva,299,350,50,2371,1060040,0.997763292,3601.981,597098,43.67212558
Tardinessflowshop,CPLEX_CP,Eva,300,350,50,2771,1119690,0.997525208,3601.933,609984,45.52206414
Tardinessflowshop,CPLEX_CP,Eva,301,50,10,1118,10424,0.892747506,3600.223,8475,18.69723715
Tardinessflowshop,CPLEX_CP,Eva,302,50,10,1040,9254,0.887616166,3600.727,8101,12.45947698
Tardinessflowshop,CPLEX_CP,Eva,303,50,10,472,2421,0.80503924,3600.578,2397,0.991325898
Tardinessflowshop,CPLEX_CP,Eva,304,50,10,438,8020,0.945386534,3600.665,6891,14.07730673
Tardinessflowshop,CPLEX_CP,Eva,305,50,10,1600,22221,0.92799604,3600.121,19373,12.81670492
Tardinessflowshop,CPLEX_CP,Eva,306,50,30,13538,61227,0.778888399,3600.237,56259,8.114067323
Tardinessflowshop,CPLEX_CP,Eva,307,50,30,10684,58341,0.816869783,3600.211,52623,9.800997583
Tardinessflowshop,CPLEX_CP,Eva,308,50,30,9278,49950,0.814254254,3600.24,44105,11.7017017
Tardinessflowshop,CPLEX_CP,Eva,309,50,30,10058,50803,0.802019566,3600.289,47376,6.745664626
Tardinessflowshop,CPLEX_CP,Eva,310,50,30,7654,45768,0.832765251,3600.238,40041,12.5131096
Tardinessflowshop,CPLEX_CP,Eva,311,50,50,23731,78327,0.697026568,3600.39,71900,8.205344262
Tardinessflowshop,CPLEX_CP,Eva,312,50,50,30717,87879,0.650462568,3600.325,79911,9.067012597
Tardinessflowshop,CPLEX_CP,Eva,313,50,50,26209,90247,0.709585914,3600.348,80484,10.81808814
Tardinessflowshop,CPLEX_CP,Eva,314,50,50,16154,73473,0.780136921,3600.322,66155,9.960121405
Tardinessflowshop,CPLEX_CP,Eva,315,50,50,32437,96486,0.663816512,3600.313,88481,8.296540431
Tardinessflowshop,CPLEX_CP,Eva,316,150,10,0,9131,1,3600.262,2418,73.51878217
Tardinessflowshop,CPLEX_CP,Eva,317,150,10,283,18337,0.984566723,3600.265,10056,45.1600589
Tardinessflowshop,CPLEX_CP,Eva,318,150,10,416,33553,0.987601705,3600.272,21121,37.05182845
Tardinessflowshop,CPLEX_CP,Eva,319,150,10,0,0,0,84.775,0,0
Tardinessflowshop,CPLEX_CP,Eva,320,150,10,284,24716,0.988509468,3600.249,12213,50.58666451
Tardinessflowshop,CPLEX_CP,Eva,321,150,30,4143,192225,0.978447132,3600.634,117965,38.63181168
Tardinessflowshop,CPLEX_CP,Eva,322,150,30,3246,169683,0.980870211,3600.467,108377,36.12972425
Tardinessflowshop,CPLEX_CP,Eva,323,150,30,5481,237824,0.976953545,3600.612,161633,32.03671623
Tardinessflowshop,CPLEX_CP,Eva,324,150,30,3772,177487,0.978747739,3600.616,102900,42.02392288
Tardinessflowshop,CPLEX_CP,Eva,325,150,30,3935,208719,0.981146901,3600.567,147831,29.17223636
Tardinessflowshop,CPLEX_CP,Eva,326,150,50,16924,292996,0.942238119,3600.816,202799,30.78437931
Tardinessflowshop,CPLEX_CP,Eva,327,150,50,19112,362113,0.947220895,3601.088,262161,27.60243349
Tardinessflowshop,CPLEX_CP,Eva,328,150,50,16250,352650,0.953920318,3600.848,242870,31.1300156
Tardinessflowshop,CPLEX_CP,Eva,329,150,50,19835,285034,0.930411811,3600.781,197345,30.76440004
Tardinessflowshop,CPLEX_CP,Eva,330,150,50,17663,337958,0.947736109,3600.829,248369,26.50891531
Tardinessflowshop,CPLEX_CP,Eva,331,250,10,0,0,0,140.702,0,0
Tardinessflowshop,CPLEX_CP,Eva,332,250,10,0,0,0,57.927,0,0
Tardinessflowshop,CPLEX_CP,Eva,333,250,10,0,0,0,1007.77,0,0
Tardinessflowshop,CPLEX_CP,Eva,334,250,10,0,7261,1,3600.413,117,98.3886517
Tardinessflowshop,CPLEX_CP,Eva,335,250,10,0,0,0,334.263,0,0
Tardinessflowshop,CPLEX_CP,Eva,336,250,30,500,260748,0.99808244,3601.068,76580,70.63064721
Tardinessflowshop,CPLEX_CP,Eva,337,250,30,0,211640,1,3600.785,53073,74.92298242
Tardinessflowshop,CPLEX_CP,Eva,338,250,30,519,384582,0.998650483,3600.873,139689,63.67770722
Tardinessflowshop,CPLEX_CP,Eva,339,250,30,945,227773,0.995851132,3601.021,91258,59.9346718
Tardinessflowshop,CPLEX_CP,Eva,340,250,30,708,355019,0.998005741,3600.905,164453,53.67769049
Tardinessflowshop,CPLEX_CP,Eva,341,250,50,11032,756689,0.985420695,3601.486,469727,37.92337407
Tardinessflowshop,CPLEX_CP,Eva,342,250,50,8753,683746,0.987198463,3601.508,399271,41.60536223
Tardinessflowshop,CPLEX_CP,Eva,343,250,50,7079,722982,0.990208608,3601.451,394821,45.38992672
Tardinessflowshop,CPLEX_CP,Eva,344,250,50,10585,687345,0.984600164,3601.521,338847,50.70204919
Tardinessflowshop,CPLEX_CP,Eva,345,250,50,8783,594341,0.985222288,3601.365,318048,46.48728592
Tardinessflowshop,CPLEX_CP,Eva,346,350,10,0,5083,1,3600.455,0,1
Tardinessflowshop,CPLEX_CP,Eva,347,350,10,0,0,0,274.51,0,0
Tardinessflowshop,CPLEX_CP,Eva,348,350,10,0,0,0,126.143,0,0
Tardinessflowshop,CPLEX_CP,Eva,349,350,10,0,0,0,747.66,0,0
Tardinessflowshop,CPLEX_CP,Eva,350,350,10,0,59394,1,3600.605,488,99.17836819
Tardinessflowshop,CPLEX_CP,Eva,351,350,30,666,560697,0.998812193,3601.274,195817,65.0761463
Tardinessflowshop,CPLEX_CP,Eva,352,350,30,195,467608,0.999582984,3601.257,96854,79.2873518
Tardinessflowshop,CPLEX_CP,Eva,353,350,30,113,564046,0.999799662,3601.267,162185,71.2461395
Tardinessflowshop,CPLEX_CP,Eva,354,350,30,0,334215,1,3601.254,56751,83.01961312
Tardinessflowshop,CPLEX_CP,Eva,355,350,30,0,350599,1,3600.944,39617,88.70019595
Tardinessflowshop,CPLEX_CP,Eva,356,350,50,3093,924362,0.996653908,3601.962,454122,50.87184458
Tardinessflowshop,CPLEX_CP,Eva,357,350,50,3032,870684,0.99651768,3601.624,433805,50.17652788
Tardinessflowshop,CPLEX_CP,Eva,358,350,50,2424,676416,0.996416406,3601.659,279201,58.72347786
Tardinessflowshop,CPLEX_CP,Eva,359,350,50,3035,939270,0.996768767,3602.099,458375,51.19880333
Tardinessflowshop,CPLEX_CP,Eva,360,350,50,1391,856838,0.998376589,3601.654,381939,55.42459601
Tardinessflowshop,CPLEX_CP,Eva,361,50,10,12687,33917,0.625939794,3600.187,30336,10.55812719
Tardinessflowshop,CPLEX_CP,Eva,362,50,10,7962,33245,0.760505339,3600.189,29378,11.63182433
Tardinessflowshop,CPLEX_CP,Eva,363,50,10,9246,32836,0.718418809,3600.112,29567,9.955536606
Tardinessflowshop,CPLEX_CP,Eva,364,50,10,10568,37100,0.715148248,3600.182,32924,11.25606469
Tardinessflowshop,CPLEX_CP,Eva,365,50,10,13903,36204,0.615981659,3600.131,31780,12.21964424
Tardinessflowshop,CPLEX_CP,Eva,366,50,30,40426,84155,0.519624502,3600.278,77263,8.189650051
Tardinessflowshop,CPLEX_CP,Eva,367,50,30,41386,85338,0.515034334,3600.243,76452,10.4127118
Tardinessflowshop,CPLEX_CP,Eva,368,50,30,37452,82602,0.546596935,3600.166,75412,8.704389724
Tardinessflowshop,CPLEX_CP,Eva,369,50,30,42871,81701,0.475269581,3600.245,73033,10.60941727
Tardinessflowshop,CPLEX_CP,Eva,370,50,30,41437,88105,0.52968617,3600.252,79453,9.820101016
Tardinessflowshop,CPLEX_CP,Eva,371,50,50,71117,128829,0.447973671,3600.367,117167,9.052309651
Tardinessflowshop,CPLEX_CP,Eva,372,50,50,79545,137738,0.422490525,3600.328,127328,7.557827179
Tardinessflowshop,CPLEX_CP,Eva,373,50,50,87549,130376,0.328488372,3600.305,122770,5.833895809
Tardinessflowshop,CPLEX_CP,Eva,374,50,50,74171,132644,0.440826573,3600.404,121263,8.580109164
Tardinessflowshop,CPLEX_CP,Eva,375,50,50,73523,125712,0.415147321,3600.357,116564,7.27695049
Tardinessflowshop,CPLEX_CP,Eva,376,150,10,4325,217039,0.980072706,3600.263,189821,12.5406033
Tardinessflowshop,CPLEX_CP,Eva,377,150,10,4128,223439,0.981525159,3600.256,195803,12.36847641
Tardinessflowshop,CPLEX_CP,Eva,378,150,10,4321,224587,0.98076024,3600.321,198820,11.47305944
Tardinessflowshop,CPLEX_CP,Eva,379,150,10,4107,219050,0.981250856,3600.227,187861,14.23830176
Tardinessflowshop,CPLEX_CP,Eva,380,150,10,14121,220128,0.935850959,3600.624,197518,10.2712967
Tardinessflowshop,CPLEX_CP,Eva,381,150,30,65714,418890,0.843123493,3600.445,356891,14.80078302
Tardinessflowshop,CPLEX_CP,Eva,382,150,30,48278,388202,0.875636911,3600.622,328975,15.25674778
Tardinessflowshop,CPLEX_CP,Eva,383,150,30,82648,421759,0.804039748,3600.484,365815,13.26444723
Tardinessflowshop,CPLEX_CP,Eva,384,150,30,66899,405462,0.8350055,3600.451,349406,13.82521667
Tardinessflowshop,CPLEX_CP,Eva,385,150,30,69219,422948,0.836341583,3600.456,341725,19.20401562
Tardinessflowshop,CPLEX_CP,Eva,386,150,50,239430,605423,0.60452444,3600.775,499624,17.4752198
Tardinessflowshop,CPLEX_CP,Eva,387,150,50,192526,602171,0.680280186,3600.678,513227,14.77055521
Tardinessflowshop,CPLEX_CP,Eva,388,150,50,172419,619925,0.721871194,3600.858,518650,16.33665363
Tardinessflowshop,CPLEX_CP,Eva,389,150,50,178672,618893,0.711303893,3600.755,517772,16.33901175
Tardinessflowshop,CPLEX_CP,Eva,390,150,50,186078,628862,0.704103603,3600.684,532318,15.35217584
Tardinessflowshop,CPLEX_CP,Eva,391,250,10,6749,546894,0.9876594,3600.301,489298,10.53147411
Tardinessflowshop,CPLEX_CP,Eva,392,250,10,7030,590103,0.988086826,3600.344,483642,18.04108774
Tardinessflowshop,CPLEX_CP,Eva,393,250,10,6982,601462,0.988391619,3600.448,505338,15.98172453
Tardinessflowshop,CPLEX_CP,Eva,394,250,10,6935,573785,0.987913591,3600.37,482759,15.86413029
Tardinessflowshop,CPLEX_CP,Eva,395,250,10,6955,576483,0.987935464,3600.336,501651,12.98078174
Tardinessflowshop,CPLEX_CP,Eva,396,250,30,49962,1018630,0.950951769,3600.741,784719,22.96329384
Tardinessflowshop,CPLEX_CP,Eva,397,250,30,61763,1059340,0.941696717,3600.871,810490,23.49104159
Tardinessflowshop,CPLEX_CP,Eva,398,250,30,87727,964228,0.909018406,3600.701,797310,17.31105091
Tardinessflowshop,CPLEX_CP,Eva,399,250,30,42581,1002690,0.957533236,3600.747,805811,19.63508163
Tardinessflowshop,CPLEX_CP,Eva,400,250,30,74452,1022780,0.927206242,3600.913,818537,19.96939713
Tardinessflowshop,CPLEX_CP,Eva,401,250,50,213645,1400940,0.847498822,3601.49,1087890,22.34571074
Tardinessflowshop,CPLEX_CP,Eva,402,250,50,215065,1432760,0.849894609,3601.103,1117300,22.01764427
Tardinessflowshop,CPLEX_CP,Eva,403,250,50,239970,1332890,0.819962638,3601.549,1067436,19.91567196
Tardinessflowshop,CPLEX_CP,Eva,404,250,50,221252,1374020,0.838974687,3601.104,1045006,23.94535742
Tardinessflowshop,CPLEX_CP,Eva,405,250,50,235730,1461220,0.838675901,3600.888,1110140,24.02649841
Tardinessflowshop,CPLEX_CP,Eva,406,350,10,9505,1100030,0.991359327,3600.484,924816,15.92811105
Tardinessflowshop,CPLEX_CP,Eva,407,350,10,9298,1138030,0.991829741,3600.554,957292,15.88165514
Tardinessflowshop,CPLEX_CP,Eva,408,350,10,9633,1112310,0.991339645,3600.571,931910,16.21850024
Tardinessflowshop,CPLEX_CP,Eva,409,350,10,9454,1060000,0.991081132,3600.514,931997,12.07575472
Tardinessflowshop,CPLEX_CP,Eva,410,350,10,9161,1131100,0.991900805,3600.472,975174,13.7853417
Tardinessflowshop,CPLEX_CP,Eva,411,350,30,10225,1884340,0.994573697,3601.037,1369421,27.32622563
Tardinessflowshop,CPLEX_CP,Eva,412,350,30,10042,1815820,0.994469716,3601.342,1369095,24.60183278
Tardinessflowshop,CPLEX_CP,Eva,413,350,30,9967,1867380,0.994662575,3601.164,1383256,25.92530711
Tardinessflowshop,CPLEX_CP,Eva,414,350,30,20929,1828760,0.988555633,3601.135,1397796,23.56591352
Tardinessflowshop,CPLEX_CP,Eva,415,350,30,10148,1908750,0.994683432,3601.04,1372519,28.09330714
Tardinessflowshop,CPLEX_CP,Eva,416,350,50,220356,2577360,0.914503213,3601.791,1883939,26.90431294
Tardinessflowshop,CPLEX_CP,Eva,417,350,50,196499,2482080,0.92083293,3601.747,1862054,24.98009734
Tardinessflowshop,CPLEX_CP,Eva,418,350,50,288764,2454050,0.882331656,3601.6,1839613,25.03767242
Tardinessflowshop,CPLEX_CP,Eva,419,350,50,221638,2513570,0.911823422,3601.771,1876533,25.34391324
Tardinessflowshop,CPLEX_CP,Eva,420,350,50,228285,2400650,0.904907004,3601.569,1778852,25.90123508
Tardinessflowshop,CPLEX_CP,Eva,421,50,10,11588,31112,0.627539213,3600.161,27668,11.06968372
Tardinessflowshop,CPLEX_CP,Eva,422,50,10,13127,36406,0.639427567,3600.158,32647,10.32522112
Tardinessflowshop,CPLEX_CP,Eva,423,50,10,12196,34223,0.643631476,3600.177,30214,11.71434415
Tardinessflowshop,CPLEX_CP,Eva,424,50,10,18858,44134,0.572710382,3600.164,40238,8.827661214
Tardinessflowshop,CPLEX_CP,Eva,425,50,10,11089,36976,0.700102769,3600.137,33420,9.617048897
Tardinessflowshop,CPLEX_CP,Eva,426,50,30,45752,87571,0.477543936,3600.178,80428,8.156809903
Tardinessflowshop,CPLEX_CP,Eva,427,50,30,37124,82907,0.552221163,3600.265,76770,7.402270013
Tardinessflowshop,CPLEX_CP,Eva,428,50,30,43125,85425,0.495171203,3600.226,78469,8.142815335
Tardinessflowshop,CPLEX_CP,Eva,429,50,30,46162,87446,0.472108501,3600.207,82515,5.638908584
Tardinessflowshop,CPLEX_CP,Eva,430,50,30,41489,82089,0.494585145,3600.24,74311,9.475081923
Tardinessflowshop,CPLEX_CP,Eva,431,50,50,86265,140770,0.387191873,3600.37,131619,6.50067486
Tardinessflowshop,CPLEX_CP,Eva,432,50,50,81715,135175,0.395487331,3600.428,125154,7.413353061
Tardinessflowshop,CPLEX_CP,Eva,433,50,50,81939,136305,0.398855508,3600.335,126743,7.015149848
Tardinessflowshop,CPLEX_CP,Eva,434,50,50,68796,128378,0.464113789,3600.353,117985,8.095623861
Tardinessflowshop,CPLEX_CP,Eva,435,50,50,79507,138292,0.425078819,3600.335,128502,7.079223672
Tardinessflowshop,CPLEX_CP,Eva,436,150,10,5293,211475,0.974971037,3600.175,176923,16.3385743
Tardinessflowshop,CPLEX_CP,Eva,437,150,10,2726,155438,0.982462461,3600.249,137061,11.82272031
Tardinessflowshop,CPLEX_CP,Eva,438,150,10,2709,167053,0.98378359,3600.184,144620,13.42867234
Tardinessflowshop,CPLEX_CP,Eva,439,150,10,8618,216083,0.960117177,3600.222,188372,12.82423883
Tardinessflowshop,CPLEX_CP,Eva,440,150,10,5172,211317,0.975524922,3600.279,181870,13.93498867
Tardinessflowshop,CPLEX_CP,Eva,441,150,30,85611,428106,0.800023826,3600.538,345174,19.37183782
Tardinessflowshop,CPLEX_CP,Eva,442,150,30,86191,435132,0.801919877,3600.525,358141,17.69371133
Tardinessflowshop,CPLEX_CP,Eva,443,150,30,64580,414404,0.844161736,3600.527,342539,17.34177276
Tardinessflowshop,CPLEX_CP,Eva,444,150,30,85167,416771,0.795650369,3600.405,349697,16.09373013
Tardinessflowshop,CPLEX_CP,Eva,445,150,30,64823,420032,0.845671282,3600.497,340045,19.04307291
Tardinessflowshop,CPLEX_CP,Eva,446,150,50,150947,601839,0.749190398,3600.781,495977,17.58975407
Tardinessflowshop,CPLEX_CP,Eva,447,150,50,158066,603368,0.738027207,3600.678,507418,15.90240119
Tardinessflowshop,CPLEX_CP,Eva,448,150,50,173172,625210,0.723017866,3600.904,524541,16.10162985
Tardinessflowshop,CPLEX_CP,Eva,449,150,50,174374,607414,0.712923969,3600.732,514786,15.24956619
Tardinessflowshop,CPLEX_CP,Eva,450,150,50,163412,597937,0.726706994,3600.983,507879,15.06145296
Tardinessflowshop,CPLEX_CP,Eva,451,250,10,4348,480558,0.990952185,3600.325,387193,19.42845609
Tardinessflowshop,CPLEX_CP,Eva,452,250,10,4456,389967,0.988573392,3600.362,317428,18.60131755
Tardinessflowshop,CPLEX_CP,Eva,453,250,10,4288,488980,0.991230725,3600.443,390123,20.21698229
Tardinessflowshop,CPLEX_CP,Eva,454,250,10,4235,403635,0.989507847,3600.381,344364,14.68430637
Tardinessflowshop,CPLEX_CP,Eva,455,250,10,4144,423377,0.990212033,3600.373,310764,26.59875241
Tardinessflowshop,CPLEX_CP,Eva,456,250,30,83530,886740,0.905801024,3600.974,715528,19.30802716
Tardinessflowshop,CPLEX_CP,Eva,457,250,30,91656,1032140,0.911198093,3600.826,794283,23.04503265
Tardinessflowshop,CPLEX_CP,Eva,458,250,30,103628,1068840,0.903046293,3600.964,813901,23.85193294
Tardinessflowshop,CPLEX_CP,Eva,459,250,30,145052,1060420,0.863212689,3601.155,817797,22.87989664
Tardinessflowshop,CPLEX_CP,Eva,460,250,30,46490,972766,0.952208445,3600.583,747881,23.11809829
Tardinessflowshop,CPLEX_CP,Eva,461,250,50,198885,1356420,0.853375061,3601.101,1058521,21.96215037
Tardinessflowshop,CPLEX_CP,Eva,462,250,50,287732,1403800,0.795033481,3601.613,1098793,21.72724035
Tardinessflowshop,CPLEX_CP,Eva,463,250,50,260498,1409840,0.815228678,3601.261,1103502,21.72856494
Tardinessflowshop,CPLEX_CP,Eva,464,250,50,239505,1361830,0.824130031,3601.089,1058493,22.27421925
Tardinessflowshop,CPLEX_CP,Eva,465,250,50,234126,1346180,0.826081208,3601.299,1066712,20.76007666
Tardinessflowshop,CPLEX_CP,Eva,466,350,10,5770,953999,0.993951776,3600.488,759394,20.39886834
Tardinessflowshop,CPLEX_CP,Eva,467,350,10,5704,871223,0.993452882,3600.574,690758,20.71398482
Tardinessflowshop,CPLEX_CP,Eva,468,350,10,5912,942312,0.993726069,3600.535,740812,21.38357572
Tardinessflowshop,CPLEX_CP,Eva,469,350,10,5862,906136,0.993530772,3600.453,756984,16.46022231
Tardinessflowshop,CPLEX_CP,Eva,470,350,10,5924,900596,0.993422134,3600.457,661582,26.53953604
Tardinessflowshop,CPLEX_CP,Eva,471,350,30,61415,1806220,0.965998051,3600.936,1332992,26.1999092
Tardinessflowshop,CPLEX_CP,Eva,472,350,30,6079,1710630,0.996446338,3601.018,1317274,22.99480308
Tardinessflowshop,CPLEX_CP,Eva,473,350,30,6131,1664960,0.996317629,3600.951,1251790,24.81561119
Tardinessflowshop,CPLEX_CP,Eva,474,350,30,6361,1829510,0.996523113,3601.076,1311439,28.31747298
Tardinessflowshop,CPLEX_CP,Eva,475,350,30,124002,1799290,0.931082816,3601.641,1284889,28.58911015
Tardinessflowshop,CPLEX_CP,Eva,476,350,50,187290,2389020,0.921603838,3601.592,1808238,24.3104704
Tardinessflowshop,CPLEX_CP,Eva,477,350,50,228973,2341890,0.902227261,3601.949,1763789,24.68523287
Tardinessflowshop,CPLEX_CP,Eva,478,350,50,172448,2366950,0.92714337,3601.803,1758572,25.70303555
Tardinessflowshop,CPLEX_CP,Eva,479,350,50,133578,2314210,0.942279223,3601.705,1753328,24.2364349
Tardinessflowshop,CPLEX_CP,Eva,480,350,50,227058,2347100,0.903260193,3601.506,1751723,25.36649482
Tardinessflowshop,CPLEX_CP,Eva,481,50,10,2793,26165,0.893254347,3600.145,22426,14.29008217
Tardinessflowshop,CPLEX_CP,Eva,482,50,10,2476,26059,0.904984842,3600.171,22881,12.19540274
Tardinessflowshop,CPLEX_CP,Eva,483,50,10,9973,29451,0.661369733,3600.128,27311,7.266306747
Tardinessflowshop,CPLEX_CP,Eva,484,50,10,2204,18968,0.883804302,3600.116,17034,10.19611978
Tardinessflowshop,CPLEX_CP,Eva,485,50,10,1563,24531,0.936284701,3600.108,22361,8.845950022
Tardinessflowshop,CPLEX_CP,Eva,486,50,30,35541,85010,0.581919774,3600.246,77800,8.481355135
Tardinessflowshop,CPLEX_CP,Eva,487,50,30,27816,73085,0.619402066,3600.218,67504,7.636313881
Tardinessflowshop,CPLEX_CP,Eva,488,50,30,32775,74410,0.559535009,3600.248,68602,7.8054025
Tardinessflowshop,CPLEX_CP,Eva,489,50,30,27621,75821,0.635707785,3600.216,70018,7.653552446
Tardinessflowshop,CPLEX_CP,Eva,490,50,30,36722,72455,0.493175074,3600.302,66641,8.024290939
Tardinessflowshop,CPLEX_CP,Eva,491,50,50,61373,114282,0.462968796,3600.364,105990,7.255735811
Tardinessflowshop,CPLEX_CP,Eva,492,50,50,52874,108995,0.514895179,3600.315,99138,9.043534107
Tardinessflowshop,CPLEX_CP,Eva,493,50,50,59353,120027,0.505502929,3600.227,112448,6.314412591
Tardinessflowshop,CPLEX_CP,Eva,494,50,50,69685,125948,0.446716105,3600.328,117128,7.002890082
Tardinessflowshop,CPLEX_CP,Eva,495,50,50,37594,98637,0.618865132,3600.254,90722,8.024372193
Tardinessflowshop,CPLEX_CP,Eva,496,150,10,4370,121969,0.964171224,3600.23,96603,20.79708778
Tardinessflowshop,CPLEX_CP,Eva,497,150,10,3836,108359,0.964599157,3600.258,87220,19.50830111
Tardinessflowshop,CPLEX_CP,Eva,498,150,10,3097,142396,0.978250794,3600.263,110971,22.06873789
Tardinessflowshop,CPLEX_CP,Eva,499,150,10,4280,106249,0.959717268,3600.288,89508,15.75638359
Tardinessflowshop,CPLEX_CP,Eva,500,150,10,2882,129039,0.977665667,3600.296,98851,23.39447764
Tardinessflowshop,CPLEX_CP,Eva,501,150,30,16836,354885,0.95255928,3600.545,285181,19.64129225
Tardinessflowshop,CPLEX_CP,Eva,502,150,30,55659,381892,0.854254606,3600.596,315136,17.48033475
Tardinessflowshop,CPLEX_CP,Eva,503,150,30,22900,359326,0.936269571,3600.545,294690,17.98812221
Tardinessflowshop,CPLEX_CP,Eva,504,150,30,19918,348752,0.942887783,3600.748,279912,19.7389549
Tardinessflowshop,CPLEX_CP,Eva,505,150,30,25045,371441,0.93257341,3600.551,307213,17.29157524
Tardinessflowshop,CPLEX_CP,Eva,506,150,50,57037,524833,0.891323526,3600.623,420902,19.80268009
Tardinessflowshop,CPLEX_CP,Eva,507,150,50,99815,531498,0.81220061,3600.714,455852,14.23260294
Tardinessflowshop,CPLEX_CP,Eva,508,150,50,147057,589696,0.750622355,3600.904,491726,16.613645
Tardinessflowshop,CPLEX_CP,Eva,509,150,50,130109,561436,0.768256756,3600.912,479596,14.57690636
Tardinessflowshop,CPLEX_CP,Eva,510,150,50,152977,557119,0.72541414,3600.648,467573,16.07304723
Tardinessflowshop,CPLEX_CP,Eva,511,250,10,4450,319412,0.98606815,3600.403,251699,21.19926615
Tardinessflowshop,CPLEX_CP,Eva,512,250,10,5394,252774,0.97866078,3600.255,179731,28.89656373
Tardinessflowshop,CPLEX_CP,Eva,513,250,10,4070,294449,0.986177572,3600.454,211951,28.0177552
Tardinessflowshop,CPLEX_CP,Eva,514,250,10,6585,315500,0.979128368,3600.432,229231,27.34358162
Tardinessflowshop,CPLEX_CP,Eva,515,250,10,4151,323573,0.987171365,3600.309,242516,25.05060682
Tardinessflowshop,CPLEX_CP,Eva,516,250,30,24968,705918,0.964630453,3600.945,519306,26.43536501
Tardinessflowshop,CPLEX_CP,Eva,517,250,30,26745,756373,0.964640462,3600.765,545432,27.88848888
Tardinessflowshop,CPLEX_CP,Eva,518,250,30,18931,787763,0.975968661,3600.667,548091,30.42437891
Tardinessflowshop,CPLEX_CP,Eva,519,250,30,24587,786908,0.968754924,3600.739,588974,25.15338515
Tardinessflowshop,CPLEX_CP,Eva,520,250,30,27160,952729,0.971492418,3600.729,629630,33.91300149
Tardinessflowshop,CPLEX_CP,Eva,521,250,50,44559,1145150,0.96108894,3601.317,811772,29.11216871
Tardinessflowshop,CPLEX_CP,Eva,522,250,50,55610,1129000,0.950744021,3601.142,875634,22.44162976
Tardinessflowshop,CPLEX_CP,Eva,523,250,50,60917,1223340,0.950204359,3601.482,892041,27.08151454
Tardinessflowshop,CPLEX_CP,Eva,524,250,50,50981,1214840,0.958034803,3601.149,893298,26.46784762
Tardinessflowshop,CPLEX_CP,Eva,525,250,50,55514,1059090,0.947583303,3601.645,787802,25.61519795
Tardinessflowshop,CPLEX_CP,Eva,526,350,10,4852,552710,0.991221436,3600.499,401037,27.44169637
Tardinessflowshop,CPLEX_CP,Eva,527,350,10,4135,437431,0.990547081,3600.4,297043,32.09374736
Tardinessflowshop,CPLEX_CP,Eva,528,350,10,6984,793275,0.991195991,3600.453,592948,25.25315937
Tardinessflowshop,CPLEX_CP,Eva,529,350,10,6085,759720,0.99199047,3600.491,523755,31.05946928
Tardinessflowshop,CPLEX_CP,Eva,530,350,10,5032,636589,0.992095371,3600.434,472369,25.79686422
Tardinessflowshop,CPLEX_CP,Eva,531,350,30,25717,1311570,0.980392202,3601.24,878403,33.02660171
Tardinessflowshop,CPLEX_CP,Eva,532,350,30,18564,1313540,0.985867199,3601.198,787191,40.07102943
Tardinessflowshop,CPLEX_CP,Eva,533,350,30,22052,1494230,0.985241897,3601.153,993500,33.51090528
Tardinessflowshop,CPLEX_CP,Eva,534,350,30,29115,1443520,0.979830553,3601.245,958626,33.59108291
Tardinessflowshop,CPLEX_CP,Eva,535,350,30,24384,1468070,0.983390438,3601.241,974785,33.60091821
Tardinessflowshop,CPLEX_CP,Eva,536,350,50,61562,1923940,0.968002121,3601.527,1337761,30.46763413
Tardinessflowshop,CPLEX_CP,Eva,537,350,50,63853,2007750,0.968196738,3602.238,1447044,27.92708256
Tardinessflowshop,CPLEX_CP,Eva,538,350,50,63243,1798850,0.964842538,3602.007,1269079,29.45053784
Tardinessflowshop,CPLEX_CP,Eva,539,350,50,56893,1906210,0.970153866,3601.746,1315529,30.98719449
Tardinessflowshop,CPLEX_CP,Eva,540,350,50,51521,1903970,0.972940225,3601.724,1342715,29.47814304
